timestamp,latitude,longitude,forecast_variable,forecast_value,forecast_initialization_time,lead_time,model_name,region,season,weather_regime,station_id,unit
2026-07-16T00:00:00Z,28.6139,77.209,temperature,34.7,2026-07-15T00:00:00Z,24,Ground Truth Observation,plains,monsoon,monsoon_active,DEL,C
2026-07-16T00:00:00Z,28.6139,77.209,rainfall,17.0,2026-07-15T00:00:00Z,24,Ground Truth Observation,plains,monsoon,monsoon_active,DEL,mm
2026-07-16T00:00:00Z,28.6139,77.209,wind_speed,17.3,2026-07-15T00:00:00Z,24,Ground Truth Observation,plains,monsoon,monsoon_active,DEL,km/h
2026-07-16T00:00:00Z,28.6139,77.209,wind_direction,244.8,2026-07-15T00:00:00Z,24,Ground Truth Observation,plains,monsoon,monsoon_active,DEL,deg
2026-07-17T00:00:00Z,28.6139,77.209,temperature,34.3,2026-07-15T00:00:00Z,48,Ground Truth Observation,plains,monsoon,monsoon_active,DEL,C
2026-07-17T00:00:00Z,28.6139,77.209,rainfall,14.9,2026-07-15T00:00:00Z,48,Ground Truth Observation,plains,monsoon,monsoon_active,DEL,mm
2026-07-17T00:00:00Z,28.6139,77.209,wind_speed,16.4,2026-07-15T00:00:00Z,48,Ground Truth Observation,plains,monsoon,monsoon_active,DEL,km/h
2026-07-17T00:00:00Z,28.6139,77.209,wind_direction,244.8,2026-07-15T00:00:00Z,48,Ground Truth Observation,plains,monsoon,monsoon_active,DEL,deg
2026-07-18T00:00:00Z,28.6139,77.209,temperature,33.0,2026-07-15T00:00:00Z,72,Ground Truth Observation,plains,monsoon,monsoon_active,DEL,C
2026-07-18T00:00:00Z,28.6139,77.209,rainfall,6.0,2026-07-15T00:00:00Z,72,Ground Truth Observation,plains,monsoon,monsoon_active,DEL,mm
2026-07-18T00:00:00Z,28.6139,77.209,wind_speed,12.5,2026-07-15T00:00:00Z,72,Ground Truth Observation,plains,monsoon,monsoon_active,DEL,km/h
2026-07-18T00:00:00Z,28.6139,77.209,wind_direction,244.8,2026-07-15T00:00:00Z,72,Ground Truth Observation,plains,monsoon,monsoon_active,DEL,deg
2026-07-19T00:00:00Z,28.6139,77.209,temperature,32.3,2026-07-15T00:00:00Z,96,Ground Truth Observation,plains,monsoon,monsoon_active,DEL,C
2026-07-19T00:00:00Z,28.6139,77.209,rainfall,1.6,2026-07-15T00:00:00Z,96,Ground Truth Observation,plains,monsoon,monsoon_active,DEL,mm
2026-07-19T00:00:00Z,28.6139,77.209,wind_speed,10.5,2026-07-15T00:00:00Z,96,Ground Truth Observation,plains,monsoon,monsoon_active,DEL,km/h
2026-07-19T00:00:00Z,28.6139,77.209,wind_direction,244.8,2026-07-15T00:00:00Z,96,Ground Truth Observation,plains,monsoon,monsoon_active,DEL,deg
2026-07-20T00:00:00Z,28.6139,77.209,temperature,33.2,2026-07-15T00:00:00Z,120,Ground Truth Observation,plains,monsoon,monsoon_active,DEL,C
2026-07-20T00:00:00Z,28.6139,77.209,rainfall,7.3,2026-07-15T00:00:00Z,120,Ground Truth Observation,plains,monsoon,monsoon_active,DEL,mm
2026-07-20T00:00:00Z,28.6139,77.209,wind_speed,13.0,2026-07-15T00:00:00Z,120,Ground Truth Observation,plains,monsoon,monsoon_active,DEL,km/h
2026-07-20T00:00:00Z,28.6139,77.209,wind_direction,244.8,2026-07-15T00:00:00Z,120,Ground Truth Observation,plains,monsoon,monsoon_active,DEL,deg
2026-07-21T00:00:00Z,28.6139,77.209,temperature,34.5,2026-07-15T00:00:00Z,144,Ground Truth Observation,plains,monsoon,monsoon_active,DEL,C
2026-07-21T00:00:00Z,28.6139,77.209,rainfall,15.9,2026-07-15T00:00:00Z,144,Ground Truth Observation,plains,monsoon,monsoon_active,DEL,mm
2026-07-21T00:00:00Z,28.6139,77.209,wind_speed,16.8,2026-07-15T00:00:00Z,144,Ground Truth Observation,plains,monsoon,monsoon_active,DEL,km/h
2026-07-21T00:00:00Z,28.6139,77.209,wind_direction,244.8,2026-07-15T00:00:00Z,144,Ground Truth Observation,plains,monsoon,monsoon_active,DEL,deg
2026-07-22T00:00:00Z,28.6139,77.209,temperature,34.6,2026-07-15T00:00:00Z,168,Ground Truth Observation,plains,monsoon,monsoon_active,DEL,C
2026-07-22T00:00:00Z,28.6139,77.209,rainfall,16.4,2026-07-15T00:00:00Z,168,Ground Truth Observation,plains,monsoon,monsoon_active,DEL,mm
2026-07-22T00:00:00Z,28.6139,77.209,wind_speed,17.0,2026-07-15T00:00:00Z,168,Ground Truth Observation,plains,monsoon,monsoon_active,DEL,km/h
2026-07-22T00:00:00Z,28.6139,77.209,wind_direction,244.8,2026-07-15T00:00:00Z,168,Ground Truth Observation,plains,monsoon,monsoon_active,DEL,deg
2026-07-16T00:00:00Z,19.076,72.8777,temperature,30.8,2026-07-15T00:00:00Z,24,Ground Truth Observation,coastal_west,monsoon,monsoon_active,BOM,C
2026-07-16T00:00:00Z,19.076,72.8777,rainfall,35.1,2026-07-15T00:00:00Z,24,Ground Truth Observation,coastal_west,monsoon,monsoon_active,BOM,mm
2026-07-16T00:00:00Z,19.076,72.8777,wind_speed,32.8,2026-07-15T00:00:00Z,24,Ground Truth Observation,coastal_west,monsoon,monsoon_active,BOM,km/h
2026-07-16T00:00:00Z,19.076,72.8777,wind_direction,228.3,2026-07-15T00:00:00Z,24,Ground Truth Observation,coastal_west,monsoon,monsoon_active,BOM,deg
2026-07-17T00:00:00Z,19.076,72.8777,temperature,30.5,2026-07-15T00:00:00Z,48,Ground Truth Observation,coastal_west,monsoon,monsoon_active,BOM,C
2026-07-17T00:00:00Z,19.076,72.8777,rainfall,33.0,2026-07-15T00:00:00Z,48,Ground Truth Observation,coastal_west,monsoon,monsoon_active,BOM,mm
2026-07-17T00:00:00Z,19.076,72.8777,wind_speed,32.0,2026-07-15T00:00:00Z,48,Ground Truth Observation,coastal_west,monsoon,monsoon_active,BOM,km/h
2026-07-17T00:00:00Z,19.076,72.8777,wind_direction,228.3,2026-07-15T00:00:00Z,48,Ground Truth Observation,coastal_west,monsoon,monsoon_active,BOM,deg
2026-07-18T00:00:00Z,19.076,72.8777,temperature,29.2,2026-07-15T00:00:00Z,72,Ground Truth Observation,coastal_west,monsoon,monsoon_active,BOM,C
2026-07-18T00:00:00Z,19.076,72.8777,rainfall,24.1,2026-07-15T00:00:00Z,72,Ground Truth Observation,coastal_west,monsoon,monsoon_active,BOM,mm
2026-07-18T00:00:00Z,19.076,72.8777,wind_speed,28.0,2026-07-15T00:00:00Z,72,Ground Truth Observation,coastal_west,monsoon,monsoon_active,BOM,km/h
2026-07-18T00:00:00Z,19.076,72.8777,wind_direction,228.3,2026-07-15T00:00:00Z,72,Ground Truth Observation,coastal_west,monsoon,monsoon_active,BOM,deg
2026-07-19T00:00:00Z,19.076,72.8777,temperature,28.5,2026-07-15T00:00:00Z,96,Ground Truth Observation,coastal_west,monsoon,monsoon_active,BOM,C
2026-07-19T00:00:00Z,19.076,72.8777,rainfall,19.7,2026-07-15T00:00:00Z,96,Ground Truth Observation,coastal_west,monsoon,monsoon_active,BOM,mm
2026-07-19T00:00:00Z,19.076,72.8777,wind_speed,26.1,2026-07-15T00:00:00Z,96,Ground Truth Observation,coastal_west,monsoon,monsoon_active,BOM,km/h
2026-07-19T00:00:00Z,19.076,72.8777,wind_direction,228.3,2026-07-15T00:00:00Z,96,Ground Truth Observation,coastal_west,monsoon,monsoon_active,BOM,deg
2026-07-20T00:00:00Z,19.076,72.8777,temperature,29.4,2026-07-15T00:00:00Z,120,Ground Truth Observation,coastal_west,monsoon,monsoon_active,BOM,C
2026-07-20T00:00:00Z,19.076,72.8777,rainfall,25.4,2026-07-15T00:00:00Z,120,Ground Truth Observation,coastal_west,monsoon,monsoon_active,BOM,mm
2026-07-20T00:00:00Z,19.076,72.8777,wind_speed,28.6,2026-07-15T00:00:00Z,120,Ground Truth Observation,coastal_west,monsoon,monsoon_active,BOM,km/h
2026-07-20T00:00:00Z,19.076,72.8777,wind_direction,228.3,2026-07-15T00:00:00Z,120,Ground Truth Observation,coastal_west,monsoon,monsoon_active,BOM,deg
2026-07-21T00:00:00Z,19.076,72.8777,temperature,30.7,2026-07-15T00:00:00Z,144,Ground Truth Observation,coastal_west,monsoon,monsoon_active,BOM,C
2026-07-21T00:00:00Z,19.076,72.8777,rainfall,34.0,2026-07-15T00:00:00Z,144,Ground Truth Observation,coastal_west,monsoon,monsoon_active,BOM,mm
2026-07-21T00:00:00Z,19.076,72.8777,wind_speed,32.4,2026-07-15T00:00:00Z,144,Ground Truth Observation,coastal_west,monsoon,monsoon_active,BOM,km/h
2026-07-21T00:00:00Z,19.076,72.8777,wind_direction,228.3,2026-07-15T00:00:00Z,144,Ground Truth Observation,coastal_west,monsoon,monsoon_active,BOM,deg
2026-07-22T00:00:00Z,19.076,72.8777,temperature,30.7,2026-07-15T00:00:00Z,168,Ground Truth Observation,coastal_west,monsoon,monsoon_active,BOM,C
2026-07-22T00:00:00Z,19.076,72.8777,rainfall,34.5,2026-07-15T00:00:00Z,168,Ground Truth Observation,coastal_west,monsoon,monsoon_active,BOM,mm
2026-07-22T00:00:00Z,19.076,72.8777,wind_speed,32.6,2026-07-15T00:00:00Z,168,Ground Truth Observation,coastal_west,monsoon,monsoon_active,BOM,km/h
2026-07-22T00:00:00Z,19.076,72.8777,wind_direction,228.3,2026-07-15T00:00:00Z,168,Ground Truth Observation,coastal_west,monsoon,monsoon_active,BOM,deg
2026-07-16T00:00:00Z,12.9716,77.5946,temperature,36.4,2026-07-15T00:00:00Z,24,Ground Truth Observation,peninsular_plateau,monsoon,monsoon_active,BLR,C
2026-07-16T00:00:00Z,12.9716,77.5946,rainfall,17.5,2026-07-15T00:00:00Z,24,Ground Truth Observation,peninsular_plateau,monsoon,monsoon_active,BLR,mm
2026-07-16T00:00:00Z,12.9716,77.5946,wind_speed,17.7,2026-07-15T00:00:00Z,24,Ground Truth Observation,peninsular_plateau,monsoon,monsoon_active,BLR,km/h
2026-07-16T00:00:00Z,12.9716,77.5946,wind_direction,233.0,2026-07-15T00:00:00Z,24,Ground Truth Observation,peninsular_plateau,monsoon,monsoon_active,BLR,deg
2026-07-17T00:00:00Z,12.9716,77.5946,temperature,36.1,2026-07-15T00:00:00Z,48,Ground Truth Observation,peninsular_plateau,monsoon,monsoon_active,BLR,C
2026-07-17T00:00:00Z,12.9716,77.5946,rainfall,15.4,2026-07-15T00:00:00Z,48,Ground Truth Observation,peninsular_plateau,monsoon,monsoon_active,BLR,mm
2026-07-17T00:00:00Z,12.9716,77.5946,wind_speed,16.8,2026-07-15T00:00:00Z,48,Ground Truth Observation,peninsular_plateau,monsoon,monsoon_active,BLR,km/h
2026-07-17T00:00:00Z,12.9716,77.5946,wind_direction,233.0,2026-07-15T00:00:00Z,48,Ground Truth Observation,peninsular_plateau,monsoon,monsoon_active,BLR,deg
2026-07-18T00:00:00Z,12.9716,77.5946,temperature,34.7,2026-07-15T00:00:00Z,72,Ground Truth Observation,peninsular_plateau,monsoon,monsoon_active,BLR,C
2026-07-18T00:00:00Z,12.9716,77.5946,rainfall,6.5,2026-07-15T00:00:00Z,72,Ground Truth Observation,peninsular_plateau,monsoon,monsoon_active,BLR,mm
2026-07-18T00:00:00Z,12.9716,77.5946,wind_speed,12.9,2026-07-15T00:00:00Z,72,Ground Truth Observation,peninsular_plateau,monsoon,monsoon_active,BLR,km/h
2026-07-18T00:00:00Z,12.9716,77.5946,wind_direction,233.0,2026-07-15T00:00:00Z,72,Ground Truth Observation,peninsular_plateau,monsoon,monsoon_active,BLR,deg
2026-07-19T00:00:00Z,12.9716,77.5946,temperature,34.1,2026-07-15T00:00:00Z,96,Ground Truth Observation,peninsular_plateau,monsoon,monsoon_active,BLR,C
2026-07-19T00:00:00Z,12.9716,77.5946,rainfall,2.0,2026-07-15T00:00:00Z,96,Ground Truth Observation,peninsular_plateau,monsoon,monsoon_active,BLR,mm
2026-07-19T00:00:00Z,12.9716,77.5946,wind_speed,11.0,2026-07-15T00:00:00Z,96,Ground Truth Observation,peninsular_plateau,monsoon,monsoon_active,BLR,km/h
2026-07-19T00:00:00Z,12.9716,77.5946,wind_direction,233.0,2026-07-15T00:00:00Z,96,Ground Truth Observation,peninsular_plateau,monsoon,monsoon_active,BLR,deg
2026-07-20T00:00:00Z,12.9716,77.5946,temperature,34.9,2026-07-15T00:00:00Z,120,Ground Truth Observation,peninsular_plateau,monsoon,monsoon_active,BLR,C
2026-07-20T00:00:00Z,12.9716,77.5946,rainfall,7.8,2026-07-15T00:00:00Z,120,Ground Truth Observation,peninsular_plateau,monsoon,monsoon_active,BLR,mm
2026-07-20T00:00:00Z,12.9716,77.5946,wind_speed,13.5,2026-07-15T00:00:00Z,120,Ground Truth Observation,peninsular_plateau,monsoon,monsoon_active,BLR,km/h
2026-07-20T00:00:00Z,12.9716,77.5946,wind_direction,233.0,2026-07-15T00:00:00Z,120,Ground Truth Observation,peninsular_plateau,monsoon,monsoon_active,BLR,deg
2026-07-21T00:00:00Z,12.9716,77.5946,temperature,36.2,2026-07-15T00:00:00Z,144,Ground Truth Observation,peninsular_plateau,monsoon,monsoon_active,BLR,C
2026-07-21T00:00:00Z,12.9716,77.5946,rainfall,16.4,2026-07-15T00:00:00Z,144,Ground Truth Observation,peninsular_plateau,monsoon,monsoon_active,BLR,mm
2026-07-21T00:00:00Z,12.9716,77.5946,wind_speed,17.2,2026-07-15T00:00:00Z,144,Ground Truth Observation,peninsular_plateau,monsoon,monsoon_active,BLR,km/h
2026-07-21T00:00:00Z,12.9716,77.5946,wind_direction,233.0,2026-07-15T00:00:00Z,144,Ground Truth Observation,peninsular_plateau,monsoon,monsoon_active,BLR,deg
2026-07-22T00:00:00Z,12.9716,77.5946,temperature,36.3,2026-07-15T00:00:00Z,168,Ground Truth Observation,peninsular_plateau,monsoon,monsoon_active,BLR,C
2026-07-22T00:00:00Z,12.9716,77.5946,rainfall,16.8,2026-07-15T00:00:00Z,168,Ground Truth Observation,peninsular_plateau,monsoon,monsoon_active,BLR,mm
2026-07-22T00:00:00Z,12.9716,77.5946,wind_speed,17.5,2026-07-15T00:00:00Z,168,Ground Truth Observation,peninsular_plateau,monsoon,monsoon_active,BLR,km/h
2026-07-22T00:00:00Z,12.9716,77.5946,wind_direction,233.0,2026-07-15T00:00:00Z,168,Ground Truth Observation,peninsular_plateau,monsoon,monsoon_active,BLR,deg
2026-07-16T00:00:00Z,22.5726,88.3639,temperature,32.1,2026-07-15T00:00:00Z,24,Ground Truth Observation,coastal_east,monsoon,monsoon_active,CCU,C
2026-07-16T00:00:00Z,22.5726,88.3639,rainfall,17.5,2026-07-15T00:00:00Z,24,Ground Truth Observation,coastal_east,monsoon,monsoon_active,CCU,mm
2026-07-16T00:00:00Z,22.5726,88.3639,wind_speed,17.3,2026-07-15T00:00:00Z,24,Ground Truth Observation,coastal_east,monsoon,monsoon_active,CCU,km/h
2026-07-16T00:00:00Z,22.5726,88.3639,wind_direction,215.6,2026-07-15T00:00:00Z,24,Ground Truth Observation,coastal_east,monsoon,monsoon_active,CCU,deg
2026-07-17T00:00:00Z,22.5726,88.3639,temperature,31.8,2026-07-15T00:00:00Z,48,Ground Truth Observation,coastal_east,monsoon,monsoon_active,CCU,C
2026-07-17T00:00:00Z,22.5726,88.3639,rainfall,15.4,2026-07-15T00:00:00Z,48,Ground Truth Observation,coastal_east,monsoon,monsoon_active,CCU,mm
2026-07-17T00:00:00Z,22.5726,88.3639,wind_speed,16.4,2026-07-15T00:00:00Z,48,Ground Truth Observation,coastal_east,monsoon,monsoon_active,CCU,km/h
2026-07-17T00:00:00Z,22.5726,88.3639,wind_direction,215.6,2026-07-15T00:00:00Z,48,Ground Truth Observation,coastal_east,monsoon,monsoon_active,CCU,deg
2026-07-18T00:00:00Z,22.5726,88.3639,temperature,30.4,2026-07-15T00:00:00Z,72,Ground Truth Observation,coastal_east,monsoon,monsoon_active,CCU,C
2026-07-18T00:00:00Z,22.5726,88.3639,rainfall,6.5,2026-07-15T00:00:00Z,72,Ground Truth Observation,coastal_east,monsoon,monsoon_active,CCU,mm
2026-07-18T00:00:00Z,22.5726,88.3639,wind_speed,12.5,2026-07-15T00:00:00Z,72,Ground Truth Observation,coastal_east,monsoon,monsoon_active,CCU,km/h
2026-07-18T00:00:00Z,22.5726,88.3639,wind_direction,215.6,2026-07-15T00:00:00Z,72,Ground Truth Observation,coastal_east,monsoon,monsoon_active,CCU,deg
2026-07-19T00:00:00Z,22.5726,88.3639,temperature,29.7,2026-07-15T00:00:00Z,96,Ground Truth Observation,coastal_east,monsoon,monsoon_active,CCU,C
2026-07-19T00:00:00Z,22.5726,88.3639,rainfall,2.1,2026-07-15T00:00:00Z,96,Ground Truth Observation,coastal_east,monsoon,monsoon_active,CCU,mm
2026-07-19T00:00:00Z,22.5726,88.3639,wind_speed,10.5,2026-07-15T00:00:00Z,96,Ground Truth Observation,coastal_east,monsoon,monsoon_active,CCU,km/h
2026-07-19T00:00:00Z,22.5726,88.3639,wind_direction,215.6,2026-07-15T00:00:00Z,96,Ground Truth Observation,coastal_east,monsoon,monsoon_active,CCU,deg
2026-07-20T00:00:00Z,22.5726,88.3639,temperature,30.6,2026-07-15T00:00:00Z,120,Ground Truth Observation,coastal_east,monsoon,monsoon_active,CCU,C
2026-07-20T00:00:00Z,22.5726,88.3639,rainfall,7.8,2026-07-15T00:00:00Z,120,Ground Truth Observation,coastal_east,monsoon,monsoon_active,CCU,mm
2026-07-20T00:00:00Z,22.5726,88.3639,wind_speed,13.0,2026-07-15T00:00:00Z,120,Ground Truth Observation,coastal_east,monsoon,monsoon_active,CCU,km/h
2026-07-20T00:00:00Z,22.5726,88.3639,wind_direction,215.6,2026-07-15T00:00:00Z,120,Ground Truth Observation,coastal_east,monsoon,monsoon_active,CCU,deg
2026-07-21T00:00:00Z,22.5726,88.3639,temperature,31.9,2026-07-15T00:00:00Z,144,Ground Truth Observation,coastal_east,monsoon,monsoon_active,CCU,C
2026-07-21T00:00:00Z,22.5726,88.3639,rainfall,16.4,2026-07-15T00:00:00Z,144,Ground Truth Observation,coastal_east,monsoon,monsoon_active,CCU,mm
2026-07-21T00:00:00Z,22.5726,88.3639,wind_speed,16.8,2026-07-15T00:00:00Z,144,Ground Truth Observation,coastal_east,monsoon,monsoon_active,CCU,km/h
2026-07-21T00:00:00Z,22.5726,88.3639,wind_direction,215.6,2026-07-15T00:00:00Z,144,Ground Truth Observation,coastal_east,monsoon,monsoon_active,CCU,deg
2026-07-22T00:00:00Z,22.5726,88.3639,temperature,32.0,2026-07-15T00:00:00Z,168,Ground Truth Observation,coastal_east,monsoon,monsoon_active,CCU,C
2026-07-22T00:00:00Z,22.5726,88.3639,rainfall,16.9,2026-07-15T00:00:00Z,168,Ground Truth Observation,coastal_east,monsoon,monsoon_active,CCU,mm
2026-07-22T00:00:00Z,22.5726,88.3639,wind_speed,17.0,2026-07-15T00:00:00Z,168,Ground Truth Observation,coastal_east,monsoon,monsoon_active,CCU,km/h
2026-07-22T00:00:00Z,22.5726,88.3639,wind_direction,215.6,2026-07-15T00:00:00Z,168,Ground Truth Observation,coastal_east,monsoon,monsoon_active,CCU,deg
2026-07-16T00:00:00Z,13.0827,80.2707,temperature,36.3,2026-07-15T00:00:00Z,24,Ground Truth Observation,coastal_coromandel,monsoon,monsoon_active,MAA,C
2026-07-16T00:00:00Z,13.0827,80.2707,rainfall,17.5,2026-07-15T00:00:00Z,24,Ground Truth Observation,coastal_coromandel,monsoon,monsoon_active,MAA,mm
2026-07-16T00:00:00Z,13.0827,80.2707,wind_speed,17.3,2026-07-15T00:00:00Z,24,Ground Truth Observation,coastal_coromandel,monsoon,monsoon_active,MAA,km/h
2026-07-16T00:00:00Z,13.0827,80.2707,wind_direction,233.8,2026-07-15T00:00:00Z,24,Ground Truth Observation,coastal_coromandel,monsoon,monsoon_active,MAA,deg
2026-07-17T00:00:00Z,13.0827,80.2707,temperature,36.0,2026-07-15T00:00:00Z,48,Ground Truth Observation,coastal_coromandel,monsoon,monsoon_active,MAA,C
2026-07-17T00:00:00Z,13.0827,80.2707,rainfall,15.4,2026-07-15T00:00:00Z,48,Ground Truth Observation,coastal_coromandel,monsoon,monsoon_active,MAA,mm
2026-07-17T00:00:00Z,13.0827,80.2707,wind_speed,16.4,2026-07-15T00:00:00Z,48,Ground Truth Observation,coastal_coromandel,monsoon,monsoon_active,MAA,km/h
2026-07-17T00:00:00Z,13.0827,80.2707,wind_direction,233.8,2026-07-15T00:00:00Z,48,Ground Truth Observation,coastal_coromandel,monsoon,monsoon_active,MAA,deg
2026-07-18T00:00:00Z,13.0827,80.2707,temperature,34.7,2026-07-15T00:00:00Z,72,Ground Truth Observation,coastal_coromandel,monsoon,monsoon_active,MAA,C
2026-07-18T00:00:00Z,13.0827,80.2707,rainfall,6.5,2026-07-15T00:00:00Z,72,Ground Truth Observation,coastal_coromandel,monsoon,monsoon_active,MAA,mm
2026-07-18T00:00:00Z,13.0827,80.2707,wind_speed,12.5,2026-07-15T00:00:00Z,72,Ground Truth Observation,coastal_coromandel,monsoon,monsoon_active,MAA,km/h
2026-07-18T00:00:00Z,13.0827,80.2707,wind_direction,233.8,2026-07-15T00:00:00Z,72,Ground Truth Observation,coastal_coromandel,monsoon,monsoon_active,MAA,deg
2026-07-19T00:00:00Z,13.0827,80.2707,temperature,34.0,2026-07-15T00:00:00Z,96,Ground Truth Observation,coastal_coromandel,monsoon,monsoon_active,MAA,C
2026-07-19T00:00:00Z,13.0827,80.2707,rainfall,2.0,2026-07-15T00:00:00Z,96,Ground Truth Observation,coastal_coromandel,monsoon,monsoon_active,MAA,mm
2026-07-19T00:00:00Z,13.0827,80.2707,wind_speed,10.5,2026-07-15T00:00:00Z,96,Ground Truth Observation,coastal_coromandel,monsoon,monsoon_active,MAA,km/h
2026-07-19T00:00:00Z,13.0827,80.2707,wind_direction,233.8,2026-07-15T00:00:00Z,96,Ground Truth Observation,coastal_coromandel,monsoon,monsoon_active,MAA,deg
2026-07-20T00:00:00Z,13.0827,80.2707,temperature,34.9,2026-07-15T00:00:00Z,120,Ground Truth Observation,coastal_coromandel,monsoon,monsoon_active,MAA,C
2026-07-20T00:00:00Z,13.0827,80.2707,rainfall,7.8,2026-07-15T00:00:00Z,120,Ground Truth Observation,coastal_coromandel,monsoon,monsoon_active,MAA,mm
2026-07-20T00:00:00Z,13.0827,80.2707,wind_speed,13.0,2026-07-15T00:00:00Z,120,Ground Truth Observation,coastal_coromandel,monsoon,monsoon_active,MAA,km/h
2026-07-20T00:00:00Z,13.0827,80.2707,wind_direction,233.8,2026-07-15T00:00:00Z,120,Ground Truth Observation,coastal_coromandel,monsoon,monsoon_active,MAA,deg
2026-07-21T00:00:00Z,13.0827,80.2707,temperature,36.2,2026-07-15T00:00:00Z,144,Ground Truth Observation,coastal_coromandel,monsoon,monsoon_active,MAA,C
2026-07-21T00:00:00Z,13.0827,80.2707,rainfall,16.3,2026-07-15T00:00:00Z,144,Ground Truth Observation,coastal_coromandel,monsoon,monsoon_active,MAA,mm
2026-07-21T00:00:00Z,13.0827,80.2707,wind_speed,16.8,2026-07-15T00:00:00Z,144,Ground Truth Observation,coastal_coromandel,monsoon,monsoon_active,MAA,km/h
2026-07-21T00:00:00Z,13.0827,80.2707,wind_direction,233.8,2026-07-15T00:00:00Z,144,Ground Truth Observation,coastal_coromandel,monsoon,monsoon_active,MAA,deg
2026-07-22T00:00:00Z,13.0827,80.2707,temperature,36.2,2026-07-15T00:00:00Z,168,Ground Truth Observation,coastal_coromandel,monsoon,monsoon_active,MAA,C
2026-07-22T00:00:00Z,13.0827,80.2707,rainfall,16.8,2026-07-15T00:00:00Z,168,Ground Truth Observation,coastal_coromandel,monsoon,monsoon_active,MAA,mm
2026-07-22T00:00:00Z,13.0827,80.2707,wind_speed,17.0,2026-07-15T00:00:00Z,168,Ground Truth Observation,coastal_coromandel,monsoon,monsoon_active,MAA,km/h
2026-07-22T00:00:00Z,13.0827,80.2707,wind_direction,233.8,2026-07-15T00:00:00Z,168,Ground Truth Observation,coastal_coromandel,monsoon,monsoon_active,MAA,deg
2026-07-16T00:00:00Z,34.0837,74.7973,temperature,28.4,2026-07-15T00:00:00Z,24,Ground Truth Observation,himalayan,monsoon,monsoon_active,SXR,C
2026-07-16T00:00:00Z,34.0837,74.7973,rainfall,17.3,2026-07-15T00:00:00Z,24,Ground Truth Observation,himalayan,monsoon,monsoon_active,SXR,mm
2026-07-16T00:00:00Z,34.0837,74.7973,wind_speed,17.3,2026-07-15T00:00:00Z,24,Ground Truth Observation,himalayan,monsoon,monsoon_active,SXR,km/h
2026-07-16T00:00:00Z,34.0837,74.7973,wind_direction,215.4,2026-07-15T00:00:00Z,24,Ground Truth Observation,himalayan,monsoon,monsoon_active,SXR,deg
2026-07-17T00:00:00Z,34.0837,74.7973,temperature,28.1,2026-07-15T00:00:00Z,48,Ground Truth Observation,himalayan,monsoon,monsoon_active,SXR,C
2026-07-17T00:00:00Z,34.0837,74.7973,rainfall,15.3,2026-07-15T00:00:00Z,48,Ground Truth Observation,himalayan,monsoon,monsoon_active,SXR,mm
2026-07-17T00:00:00Z,34.0837,74.7973,wind_speed,16.4,2026-07-15T00:00:00Z,48,Ground Truth Observation,himalayan,monsoon,monsoon_active,SXR,km/h
2026-07-17T00:00:00Z,34.0837,74.7973,wind_direction,215.4,2026-07-15T00:00:00Z,48,Ground Truth Observation,himalayan,monsoon,monsoon_active,SXR,deg
2026-07-18T00:00:00Z,34.0837,74.7973,temperature,26.8,2026-07-15T00:00:00Z,72,Ground Truth Observation,himalayan,monsoon,monsoon_active,SXR,C
2026-07-18T00:00:00Z,34.0837,74.7973,rainfall,6.3,2026-07-15T00:00:00Z,72,Ground Truth Observation,himalayan,monsoon,monsoon_active,SXR,mm
2026-07-18T00:00:00Z,34.0837,74.7973,wind_speed,12.5,2026-07-15T00:00:00Z,72,Ground Truth Observation,himalayan,monsoon,monsoon_active,SXR,km/h
2026-07-18T00:00:00Z,34.0837,74.7973,wind_direction,215.4,2026-07-15T00:00:00Z,72,Ground Truth Observation,himalayan,monsoon,monsoon_active,SXR,deg
2026-07-19T00:00:00Z,34.0837,74.7973,temperature,26.1,2026-07-15T00:00:00Z,96,Ground Truth Observation,himalayan,monsoon,monsoon_active,SXR,C
2026-07-19T00:00:00Z,34.0837,74.7973,rainfall,1.9,2026-07-15T00:00:00Z,96,Ground Truth Observation,himalayan,monsoon,monsoon_active,SXR,mm
2026-07-19T00:00:00Z,34.0837,74.7973,wind_speed,10.5,2026-07-15T00:00:00Z,96,Ground Truth Observation,himalayan,monsoon,monsoon_active,SXR,km/h
2026-07-19T00:00:00Z,34.0837,74.7973,wind_direction,215.4,2026-07-15T00:00:00Z,96,Ground Truth Observation,himalayan,monsoon,monsoon_active,SXR,deg
2026-07-20T00:00:00Z,34.0837,74.7973,temperature,26.9,2026-07-15T00:00:00Z,120,Ground Truth Observation,himalayan,monsoon,monsoon_active,SXR,C
2026-07-20T00:00:00Z,34.0837,74.7973,rainfall,7.6,2026-07-15T00:00:00Z,120,Ground Truth Observation,himalayan,monsoon,monsoon_active,SXR,mm
2026-07-20T00:00:00Z,34.0837,74.7973,wind_speed,13.0,2026-07-15T00:00:00Z,120,Ground Truth Observation,himalayan,monsoon,monsoon_active,SXR,km/h
2026-07-20T00:00:00Z,34.0837,74.7973,wind_direction,215.4,2026-07-15T00:00:00Z,120,Ground Truth Observation,himalayan,monsoon,monsoon_active,SXR,deg
2026-07-21T00:00:00Z,34.0837,74.7973,temperature,28.2,2026-07-15T00:00:00Z,144,Ground Truth Observation,himalayan,monsoon,monsoon_active,SXR,C
2026-07-21T00:00:00Z,34.0837,74.7973,rainfall,16.2,2026-07-15T00:00:00Z,144,Ground Truth Observation,himalayan,monsoon,monsoon_active,SXR,mm
2026-07-21T00:00:00Z,34.0837,74.7973,wind_speed,16.8,2026-07-15T00:00:00Z,144,Ground Truth Observation,himalayan,monsoon,monsoon_active,SXR,km/h
2026-07-21T00:00:00Z,34.0837,74.7973,wind_direction,215.4,2026-07-15T00:00:00Z,144,Ground Truth Observation,himalayan,monsoon,monsoon_active,SXR,deg
2026-07-22T00:00:00Z,34.0837,74.7973,temperature,28.3,2026-07-15T00:00:00Z,168,Ground Truth Observation,himalayan,monsoon,monsoon_active,SXR,C
2026-07-22T00:00:00Z,34.0837,74.7973,rainfall,16.7,2026-07-15T00:00:00Z,168,Ground Truth Observation,himalayan,monsoon,monsoon_active,SXR,mm
2026-07-22T00:00:00Z,34.0837,74.7973,wind_speed,17.0,2026-07-15T00:00:00Z,168,Ground Truth Observation,himalayan,monsoon,monsoon_active,SXR,km/h
2026-07-22T00:00:00Z,34.0837,74.7973,wind_direction,215.4,2026-07-15T00:00:00Z,168,Ground Truth Observation,himalayan,monsoon,monsoon_active,SXR,deg
2026-07-16T00:00:00Z,26.2389,73.0243,temperature,39.8,2026-07-15T00:00:00Z,24,Ground Truth Observation,arid_west,monsoon,monsoon_active,JDH,C
2026-07-16T00:00:00Z,26.2389,73.0243,rainfall,10.9,2026-07-15T00:00:00Z,24,Ground Truth Observation,arid_west,monsoon,monsoon_active,JDH,mm
2026-07-16T00:00:00Z,26.2389,73.0243,wind_speed,18.2,2026-07-15T00:00:00Z,24,Ground Truth Observation,arid_west,monsoon,monsoon_active,JDH,km/h
2026-07-16T00:00:00Z,26.2389,73.0243,wind_direction,237.9,2026-07-15T00:00:00Z,24,Ground Truth Observation,arid_west,monsoon,monsoon_active,JDH,deg
2026-07-17T00:00:00Z,26.2389,73.0243,temperature,39.5,2026-07-15T00:00:00Z,48,Ground Truth Observation,arid_west,monsoon,monsoon_active,JDH,C
2026-07-17T00:00:00Z,26.2389,73.0243,rainfall,8.8,2026-07-15T00:00:00Z,48,Ground Truth Observation,arid_west,monsoon,monsoon_active,JDH,mm
2026-07-17T00:00:00Z,26.2389,73.0243,wind_speed,17.3,2026-07-15T00:00:00Z,48,Ground Truth Observation,arid_west,monsoon,monsoon_active,JDH,km/h
2026-07-17T00:00:00Z,26.2389,73.0243,wind_direction,237.9,2026-07-15T00:00:00Z,48,Ground Truth Observation,arid_west,monsoon,monsoon_active,JDH,deg
2026-07-18T00:00:00Z,26.2389,73.0243,temperature,38.2,2026-07-15T00:00:00Z,72,Ground Truth Observation,arid_west,monsoon,monsoon_active,JDH,C
2026-07-18T00:00:00Z,26.2389,73.0243,rainfall,0.0,2026-07-15T00:00:00Z,72,Ground Truth Observation,arid_west,monsoon,monsoon_active,JDH,mm
2026-07-18T00:00:00Z,26.2389,73.0243,wind_speed,13.4,2026-07-15T00:00:00Z,72,Ground Truth Observation,arid_west,monsoon,monsoon_active,JDH,km/h
2026-07-18T00:00:00Z,26.2389,73.0243,wind_direction,237.9,2026-07-15T00:00:00Z,72,Ground Truth Observation,arid_west,monsoon,monsoon_active,JDH,deg
2026-07-19T00:00:00Z,26.2389,73.0243,temperature,37.5,2026-07-15T00:00:00Z,96,Ground Truth Observation,arid_west,monsoon,monsoon_active,JDH,C
2026-07-19T00:00:00Z,26.2389,73.0243,rainfall,0.0,2026-07-15T00:00:00Z,96,Ground Truth Observation,arid_west,monsoon,monsoon_active,JDH,mm
2026-07-19T00:00:00Z,26.2389,73.0243,wind_speed,11.5,2026-07-15T00:00:00Z,96,Ground Truth Observation,arid_west,monsoon,monsoon_active,JDH,km/h
2026-07-19T00:00:00Z,26.2389,73.0243,wind_direction,237.9,2026-07-15T00:00:00Z,96,Ground Truth Observation,arid_west,monsoon,monsoon_active,JDH,deg
2026-07-20T00:00:00Z,26.2389,73.0243,temperature,38.4,2026-07-15T00:00:00Z,120,Ground Truth Observation,arid_west,monsoon,monsoon_active,JDH,C
2026-07-20T00:00:00Z,26.2389,73.0243,rainfall,1.2,2026-07-15T00:00:00Z,120,Ground Truth Observation,arid_west,monsoon,monsoon_active,JDH,mm
2026-07-20T00:00:00Z,26.2389,73.0243,wind_speed,14.0,2026-07-15T00:00:00Z,120,Ground Truth Observation,arid_west,monsoon,monsoon_active,JDH,km/h
2026-07-20T00:00:00Z,26.2389,73.0243,wind_direction,237.9,2026-07-15T00:00:00Z,120,Ground Truth Observation,arid_west,monsoon,monsoon_active,JDH,deg
2026-07-21T00:00:00Z,26.2389,73.0243,temperature,39.7,2026-07-15T00:00:00Z,144,Ground Truth Observation,arid_west,monsoon,monsoon_active,JDH,C
2026-07-21T00:00:00Z,26.2389,73.0243,rainfall,9.8,2026-07-15T00:00:00Z,144,Ground Truth Observation,arid_west,monsoon,monsoon_active,JDH,mm
2026-07-21T00:00:00Z,26.2389,73.0243,wind_speed,17.7,2026-07-15T00:00:00Z,144,Ground Truth Observation,arid_west,monsoon,monsoon_active,JDH,km/h
2026-07-21T00:00:00Z,26.2389,73.0243,wind_direction,237.9,2026-07-15T00:00:00Z,144,Ground Truth Observation,arid_west,monsoon,monsoon_active,JDH,deg
2026-07-22T00:00:00Z,26.2389,73.0243,temperature,39.7,2026-07-15T00:00:00Z,168,Ground Truth Observation,arid_west,monsoon,monsoon_active,JDH,C
2026-07-22T00:00:00Z,26.2389,73.0243,rainfall,10.3,2026-07-15T00:00:00Z,168,Ground Truth Observation,arid_west,monsoon,monsoon_active,JDH,mm
2026-07-22T00:00:00Z,26.2389,73.0243,wind_speed,18.0,2026-07-15T00:00:00Z,168,Ground Truth Observation,arid_west,monsoon,monsoon_active,JDH,km/h
2026-07-22T00:00:00Z,26.2389,73.0243,wind_direction,237.9,2026-07-15T00:00:00Z,168,Ground Truth Observation,arid_west,monsoon,monsoon_active,JDH,deg
2026-07-16T00:00:00Z,25.5788,91.8933,temperature,30.7,2026-07-15T00:00:00Z,24,Ground Truth Observation,northeast_hills,monsoon,monsoon_active,SHL,C
2026-07-16T00:00:00Z,25.5788,91.8933,rainfall,79.3,2026-07-15T00:00:00Z,24,Ground Truth Observation,northeast_hills,monsoon,monsoon_active,SHL,mm
2026-07-16T00:00:00Z,25.5788,91.8933,wind_speed,17.3,2026-07-15T00:00:00Z,24,Ground Truth Observation,northeast_hills,monsoon,monsoon_active,SHL,km/h
2026-07-16T00:00:00Z,25.5788,91.8933,wind_direction,233.3,2026-07-15T00:00:00Z,24,Ground Truth Observation,northeast_hills,monsoon,monsoon_active,SHL,deg
2026-07-17T00:00:00Z,25.5788,91.8933,temperature,30.4,2026-07-15T00:00:00Z,48,Ground Truth Observation,northeast_hills,monsoon,monsoon_active,SHL,C
2026-07-17T00:00:00Z,25.5788,91.8933,rainfall,77.2,2026-07-15T00:00:00Z,48,Ground Truth Observation,northeast_hills,monsoon,monsoon_active,SHL,mm
2026-07-17T00:00:00Z,25.5788,91.8933,wind_speed,16.4,2026-07-15T00:00:00Z,48,Ground Truth Observation,northeast_hills,monsoon,monsoon_active,SHL,km/h
2026-07-17T00:00:00Z,25.5788,91.8933,wind_direction,233.3,2026-07-15T00:00:00Z,48,Ground Truth Observation,northeast_hills,monsoon,monsoon_active,SHL,deg
2026-07-18T00:00:00Z,25.5788,91.8933,temperature,29.1,2026-07-15T00:00:00Z,72,Ground Truth Observation,northeast_hills,monsoon,monsoon_active,SHL,C
2026-07-18T00:00:00Z,25.5788,91.8933,rainfall,68.3,2026-07-15T00:00:00Z,72,Ground Truth Observation,northeast_hills,monsoon,monsoon_active,SHL,mm
2026-07-18T00:00:00Z,25.5788,91.8933,wind_speed,12.5,2026-07-15T00:00:00Z,72,Ground Truth Observation,northeast_hills,monsoon,monsoon_active,SHL,km/h
2026-07-18T00:00:00Z,25.5788,91.8933,wind_direction,233.3,2026-07-15T00:00:00Z,72,Ground Truth Observation,northeast_hills,monsoon,monsoon_active,SHL,deg
2026-07-19T00:00:00Z,25.5788,91.8933,temperature,28.4,2026-07-15T00:00:00Z,96,Ground Truth Observation,northeast_hills,monsoon,monsoon_active,SHL,C
2026-07-19T00:00:00Z,25.5788,91.8933,rainfall,63.9,2026-07-15T00:00:00Z,96,Ground Truth Observation,northeast_hills,monsoon,monsoon_active,SHL,mm
2026-07-19T00:00:00Z,25.5788,91.8933,wind_speed,10.5,2026-07-15T00:00:00Z,96,Ground Truth Observation,northeast_hills,monsoon,monsoon_active,SHL,km/h
2026-07-19T00:00:00Z,25.5788,91.8933,wind_direction,233.3,2026-07-15T00:00:00Z,96,Ground Truth Observation,northeast_hills,monsoon,monsoon_active,SHL,deg
2026-07-20T00:00:00Z,25.5788,91.8933,temperature,29.3,2026-07-15T00:00:00Z,120,Ground Truth Observation,northeast_hills,monsoon,monsoon_active,SHL,C
2026-07-20T00:00:00Z,25.5788,91.8933,rainfall,69.6,2026-07-15T00:00:00Z,120,Ground Truth Observation,northeast_hills,monsoon,monsoon_active,SHL,mm
2026-07-20T00:00:00Z,25.5788,91.8933,wind_speed,13.0,2026-07-15T00:00:00Z,120,Ground Truth Observation,northeast_hills,monsoon,monsoon_active,SHL,km/h
2026-07-20T00:00:00Z,25.5788,91.8933,wind_direction,233.3,2026-07-15T00:00:00Z,120,Ground Truth Observation,northeast_hills,monsoon,monsoon_active,SHL,deg
2026-07-21T00:00:00Z,25.5788,91.8933,temperature,30.5,2026-07-15T00:00:00Z,144,Ground Truth Observation,northeast_hills,monsoon,monsoon_active,SHL,C
2026-07-21T00:00:00Z,25.5788,91.8933,rainfall,78.2,2026-07-15T00:00:00Z,144,Ground Truth Observation,northeast_hills,monsoon,monsoon_active,SHL,mm
2026-07-21T00:00:00Z,25.5788,91.8933,wind_speed,16.8,2026-07-15T00:00:00Z,144,Ground Truth Observation,northeast_hills,monsoon,monsoon_active,SHL,km/h
2026-07-21T00:00:00Z,25.5788,91.8933,wind_direction,233.3,2026-07-15T00:00:00Z,144,Ground Truth Observation,northeast_hills,monsoon,monsoon_active,SHL,deg
2026-07-22T00:00:00Z,25.5788,91.8933,temperature,30.6,2026-07-15T00:00:00Z,168,Ground Truth Observation,northeast_hills,monsoon,monsoon_active,SHL,C
2026-07-22T00:00:00Z,25.5788,91.8933,rainfall,78.7,2026-07-15T00:00:00Z,168,Ground Truth Observation,northeast_hills,monsoon,monsoon_active,SHL,mm
2026-07-22T00:00:00Z,25.5788,91.8933,wind_speed,17.0,2026-07-15T00:00:00Z,168,Ground Truth Observation,northeast_hills,monsoon,monsoon_active,SHL,km/h
2026-07-22T00:00:00Z,25.5788,91.8933,wind_direction,233.3,2026-07-15T00:00:00Z,168,Ground Truth Observation,northeast_hills,monsoon,monsoon_active,SHL,deg
2026-07-16T00:00:00Z,21.1458,79.0882,temperature,32.9,2026-07-15T00:00:00Z,24,Ground Truth Observation,central_india,monsoon,monsoon_active,NAG,C
2026-07-16T00:00:00Z,21.1458,79.0882,rainfall,17.4,2026-07-15T00:00:00Z,24,Ground Truth Observation,central_india,monsoon,monsoon_active,NAG,mm
2026-07-16T00:00:00Z,21.1458,79.0882,wind_speed,17.3,2026-07-15T00:00:00Z,24,Ground Truth Observation,central_india,monsoon,monsoon_active,NAG,km/h
2026-07-16T00:00:00Z,21.1458,79.0882,wind_direction,216.3,2026-07-15T00:00:00Z,24,Ground Truth Observation,central_india,monsoon,monsoon_active,NAG,deg
2026-07-17T00:00:00Z,21.1458,79.0882,temperature,32.6,2026-07-15T00:00:00Z,48,Ground Truth Observation,central_india,monsoon,monsoon_active,NAG,C
2026-07-17T00:00:00Z,21.1458,79.0882,rainfall,15.4,2026-07-15T00:00:00Z,48,Ground Truth Observation,central_india,monsoon,monsoon_active,NAG,mm
2026-07-17T00:00:00Z,21.1458,79.0882,wind_speed,16.4,2026-07-15T00:00:00Z,48,Ground Truth Observation,central_india,monsoon,monsoon_active,NAG,km/h
2026-07-17T00:00:00Z,21.1458,79.0882,wind_direction,216.3,2026-07-15T00:00:00Z,48,Ground Truth Observation,central_india,monsoon,monsoon_active,NAG,deg
2026-07-18T00:00:00Z,21.1458,79.0882,temperature,31.3,2026-07-15T00:00:00Z,72,Ground Truth Observation,central_india,monsoon,monsoon_active,NAG,C
2026-07-18T00:00:00Z,21.1458,79.0882,rainfall,6.5,2026-07-15T00:00:00Z,72,Ground Truth Observation,central_india,monsoon,monsoon_active,NAG,mm
2026-07-18T00:00:00Z,21.1458,79.0882,wind_speed,12.5,2026-07-15T00:00:00Z,72,Ground Truth Observation,central_india,monsoon,monsoon_active,NAG,km/h
2026-07-18T00:00:00Z,21.1458,79.0882,wind_direction,216.3,2026-07-15T00:00:00Z,72,Ground Truth Observation,central_india,monsoon,monsoon_active,NAG,deg
2026-07-19T00:00:00Z,21.1458,79.0882,temperature,30.6,2026-07-15T00:00:00Z,96,Ground Truth Observation,central_india,monsoon,monsoon_active,NAG,C
2026-07-19T00:00:00Z,21.1458,79.0882,rainfall,2.0,2026-07-15T00:00:00Z,96,Ground Truth Observation,central_india,monsoon,monsoon_active,NAG,mm
2026-07-19T00:00:00Z,21.1458,79.0882,wind_speed,10.5,2026-07-15T00:00:00Z,96,Ground Truth Observation,central_india,monsoon,monsoon_active,NAG,km/h
2026-07-19T00:00:00Z,21.1458,79.0882,wind_direction,216.3,2026-07-15T00:00:00Z,96,Ground Truth Observation,central_india,monsoon,monsoon_active,NAG,deg
2026-07-20T00:00:00Z,21.1458,79.0882,temperature,31.5,2026-07-15T00:00:00Z,120,Ground Truth Observation,central_india,monsoon,monsoon_active,NAG,C
2026-07-20T00:00:00Z,21.1458,79.0882,rainfall,7.8,2026-07-15T00:00:00Z,120,Ground Truth Observation,central_india,monsoon,monsoon_active,NAG,mm
2026-07-20T00:00:00Z,21.1458,79.0882,wind_speed,13.0,2026-07-15T00:00:00Z,120,Ground Truth Observation,central_india,monsoon,monsoon_active,NAG,km/h
2026-07-20T00:00:00Z,21.1458,79.0882,wind_direction,216.3,2026-07-15T00:00:00Z,120,Ground Truth Observation,central_india,monsoon,monsoon_active,NAG,deg
2026-07-21T00:00:00Z,21.1458,79.0882,temperature,32.8,2026-07-15T00:00:00Z,144,Ground Truth Observation,central_india,monsoon,monsoon_active,NAG,C
2026-07-21T00:00:00Z,21.1458,79.0882,rainfall,16.3,2026-07-15T00:00:00Z,144,Ground Truth Observation,central_india,monsoon,monsoon_active,NAG,mm
2026-07-21T00:00:00Z,21.1458,79.0882,wind_speed,16.8,2026-07-15T00:00:00Z,144,Ground Truth Observation,central_india,monsoon,monsoon_active,NAG,km/h
2026-07-21T00:00:00Z,21.1458,79.0882,wind_direction,216.3,2026-07-15T00:00:00Z,144,Ground Truth Observation,central_india,monsoon,monsoon_active,NAG,deg
2026-07-22T00:00:00Z,21.1458,79.0882,temperature,32.8,2026-07-15T00:00:00Z,168,Ground Truth Observation,central_india,monsoon,monsoon_active,NAG,C
2026-07-22T00:00:00Z,21.1458,79.0882,rainfall,16.8,2026-07-15T00:00:00Z,168,Ground Truth Observation,central_india,monsoon,monsoon_active,NAG,mm
2026-07-22T00:00:00Z,21.1458,79.0882,wind_speed,17.0,2026-07-15T00:00:00Z,168,Ground Truth Observation,central_india,monsoon,monsoon_active,NAG,km/h
2026-07-22T00:00:00Z,21.1458,79.0882,wind_direction,216.3,2026-07-15T00:00:00Z,168,Ground Truth Observation,central_india,monsoon,monsoon_active,NAG,deg
2026-07-16T00:00:00Z,9.9312,76.2673,temperature,37.7,2026-07-15T00:00:00Z,24,Ground Truth Observation,coastal_west,monsoon,monsoon_active,COK,C
2026-07-16T00:00:00Z,9.9312,76.2673,rainfall,17.9,2026-07-15T00:00:00Z,24,Ground Truth Observation,coastal_west,monsoon,monsoon_active,COK,mm
2026-07-16T00:00:00Z,9.9312,76.2673,wind_speed,18.7,2026-07-15T00:00:00Z,24,Ground Truth Observation,coastal_west,monsoon,monsoon_active,COK,km/h
2026-07-16T00:00:00Z,9.9312,76.2673,wind_direction,215.5,2026-07-15T00:00:00Z,24,Ground Truth Observation,coastal_west,monsoon,monsoon_active,COK,deg
2026-07-17T00:00:00Z,9.9312,76.2673,temperature,37.4,2026-07-15T00:00:00Z,48,Ground Truth Observation,coastal_west,monsoon,monsoon_active,COK,C
2026-07-17T00:00:00Z,9.9312,76.2673,rainfall,15.8,2026-07-15T00:00:00Z,48,Ground Truth Observation,coastal_west,monsoon,monsoon_active,COK,mm
2026-07-17T00:00:00Z,9.9312,76.2673,wind_speed,17.8,2026-07-15T00:00:00Z,48,Ground Truth Observation,coastal_west,monsoon,monsoon_active,COK,km/h
2026-07-17T00:00:00Z,9.9312,76.2673,wind_direction,215.5,2026-07-15T00:00:00Z,48,Ground Truth Observation,coastal_west,monsoon,monsoon_active,COK,deg
2026-07-18T00:00:00Z,9.9312,76.2673,temperature,36.1,2026-07-15T00:00:00Z,72,Ground Truth Observation,coastal_west,monsoon,monsoon_active,COK,C
2026-07-18T00:00:00Z,9.9312,76.2673,rainfall,6.9,2026-07-15T00:00:00Z,72,Ground Truth Observation,coastal_west,monsoon,monsoon_active,COK,mm
2026-07-18T00:00:00Z,9.9312,76.2673,wind_speed,13.9,2026-07-15T00:00:00Z,72,Ground Truth Observation,coastal_west,monsoon,monsoon_active,COK,km/h
2026-07-18T00:00:00Z,9.9312,76.2673,wind_direction,215.5,2026-07-15T00:00:00Z,72,Ground Truth Observation,coastal_west,monsoon,monsoon_active,COK,deg
2026-07-19T00:00:00Z,9.9312,76.2673,temperature,35.4,2026-07-15T00:00:00Z,96,Ground Truth Observation,coastal_west,monsoon,monsoon_active,COK,C
2026-07-19T00:00:00Z,9.9312,76.2673,rainfall,2.4,2026-07-15T00:00:00Z,96,Ground Truth Observation,coastal_west,monsoon,monsoon_active,COK,mm
2026-07-19T00:00:00Z,9.9312,76.2673,wind_speed,11.9,2026-07-15T00:00:00Z,96,Ground Truth Observation,coastal_west,monsoon,monsoon_active,COK,km/h
2026-07-19T00:00:00Z,9.9312,76.2673,wind_direction,215.5,2026-07-15T00:00:00Z,96,Ground Truth Observation,coastal_west,monsoon,monsoon_active,COK,deg
2026-07-20T00:00:00Z,9.9312,76.2673,temperature,36.3,2026-07-15T00:00:00Z,120,Ground Truth Observation,coastal_west,monsoon,monsoon_active,COK,C
2026-07-20T00:00:00Z,9.9312,76.2673,rainfall,8.2,2026-07-15T00:00:00Z,120,Ground Truth Observation,coastal_west,monsoon,monsoon_active,COK,mm
2026-07-20T00:00:00Z,9.9312,76.2673,wind_speed,14.4,2026-07-15T00:00:00Z,120,Ground Truth Observation,coastal_west,monsoon,monsoon_active,COK,km/h
2026-07-20T00:00:00Z,9.9312,76.2673,wind_direction,215.5,2026-07-15T00:00:00Z,120,Ground Truth Observation,coastal_west,monsoon,monsoon_active,COK,deg
2026-07-21T00:00:00Z,9.9312,76.2673,temperature,37.6,2026-07-15T00:00:00Z,144,Ground Truth Observation,coastal_west,monsoon,monsoon_active,COK,C
2026-07-21T00:00:00Z,9.9312,76.2673,rainfall,16.8,2026-07-15T00:00:00Z,144,Ground Truth Observation,coastal_west,monsoon,monsoon_active,COK,mm
2026-07-21T00:00:00Z,9.9312,76.2673,wind_speed,18.2,2026-07-15T00:00:00Z,144,Ground Truth Observation,coastal_west,monsoon,monsoon_active,COK,km/h
2026-07-21T00:00:00Z,9.9312,76.2673,wind_direction,215.5,2026-07-15T00:00:00Z,144,Ground Truth Observation,coastal_west,monsoon,monsoon_active,COK,deg
2026-07-22T00:00:00Z,9.9312,76.2673,temperature,37.7,2026-07-15T00:00:00Z,168,Ground Truth Observation,coastal_west,monsoon,monsoon_active,COK,C
2026-07-22T00:00:00Z,9.9312,76.2673,rainfall,17.2,2026-07-15T00:00:00Z,168,Ground Truth Observation,coastal_west,monsoon,monsoon_active,COK,mm
2026-07-22T00:00:00Z,9.9312,76.2673,wind_speed,18.4,2026-07-15T00:00:00Z,168,Ground Truth Observation,coastal_west,monsoon,monsoon_active,COK,km/h
2026-07-22T00:00:00Z,9.9312,76.2673,wind_direction,215.5,2026-07-15T00:00:00Z,168,Ground Truth Observation,coastal_west,monsoon,monsoon_active,COK,deg
