timestamp,latitude,longitude,temperature,rainfall,wind_speed,wind_direction,station_id,station_name,elevation_m,source
2026-07-16T00:00:00Z,28.6139,77.209,34.7,17.0,17.3,244.8,DEL,New Delhi (Safdarjung),216.0,IMD_OBSERVATIONAL_NETWORK
2026-07-17T00:00:00Z,28.6139,77.209,34.3,14.9,16.4,244.8,DEL,New Delhi (Safdarjung),216.0,IMD_OBSERVATIONAL_NETWORK
2026-07-18T00:00:00Z,28.6139,77.209,33.0,6.0,12.5,244.8,DEL,New Delhi (Safdarjung),216.0,IMD_OBSERVATIONAL_NETWORK
2026-07-19T00:00:00Z,28.6139,77.209,32.3,1.6,10.5,244.8,DEL,New Delhi (Safdarjung),216.0,IMD_OBSERVATIONAL_NETWORK
2026-07-20T00:00:00Z,28.6139,77.209,33.2,7.3,13.0,244.8,DEL,New Delhi (Safdarjung),216.0,IMD_OBSERVATIONAL_NETWORK
2026-07-21T00:00:00Z,28.6139,77.209,34.5,15.9,16.8,244.8,DEL,New Delhi (Safdarjung),216.0,IMD_OBSERVATIONAL_NETWORK
2026-07-22T00:00:00Z,28.6139,77.209,34.6,16.4,17.0,244.8,DEL,New Delhi (Safdarjung),216.0,IMD_OBSERVATIONAL_NETWORK
2026-07-16T00:00:00Z,19.076,72.8777,30.8,35.1,32.8,228.3,BOM,Mumbai (Santacruz),14.0,IMD_OBSERVATIONAL_NETWORK
2026-07-17T00:00:00Z,19.076,72.8777,30.5,33.0,32.0,228.3,BOM,Mumbai (Santacruz),14.0,IMD_OBSERVATIONAL_NETWORK
2026-07-18T00:00:00Z,19.076,72.8777,29.2,24.1,28.0,228.3,BOM,Mumbai (Santacruz),14.0,IMD_OBSERVATIONAL_NETWORK
2026-07-19T00:00:00Z,19.076,72.8777,28.5,19.7,26.1,228.3,BOM,Mumbai (Santacruz),14.0,IMD_OBSERVATIONAL_NETWORK
2026-07-20T00:00:00Z,19.076,72.8777,29.4,25.4,28.6,228.3,BOM,Mumbai (Santacruz),14.0,IMD_OBSERVATIONAL_NETWORK
2026-07-21T00:00:00Z,19.076,72.8777,30.7,34.0,32.4,228.3,BOM,Mumbai (Santacruz),14.0,IMD_OBSERVATIONAL_NETWORK
2026-07-22T00:00:00Z,19.076,72.8777,30.7,34.5,32.6,228.3,BOM,Mumbai (Santacruz),14.0,IMD_OBSERVATIONAL_NETWORK
2026-07-16T00:00:00Z,12.9716,77.5946,36.4,17.5,17.7,233.0,BLR,Bengaluru,920.0,IMD_OBSERVATIONAL_NETWORK
2026-07-17T00:00:00Z,12.9716,77.5946,36.1,15.4,16.8,233.0,BLR,Bengaluru,920.0,IMD_OBSERVATIONAL_NETWORK
2026-07-18T00:00:00Z,12.9716,77.5946,34.7,6.5,12.9,233.0,BLR,Bengaluru,920.0,IMD_OBSERVATIONAL_NETWORK
2026-07-19T00:00:00Z,12.9716,77.5946,34.1,2.0,11.0,233.0,BLR,Bengaluru,920.0,IMD_OBSERVATIONAL_NETWORK
2026-07-20T00:00:00Z,12.9716,77.5946,34.9,7.8,13.5,233.0,BLR,Bengaluru,920.0,IMD_OBSERVATIONAL_NETWORK
2026-07-21T00:00:00Z,12.9716,77.5946,36.2,16.4,17.2,233.0,BLR,Bengaluru,920.0,IMD_OBSERVATIONAL_NETWORK
2026-07-22T00:00:00Z,12.9716,77.5946,36.3,16.8,17.5,233.0,BLR,Bengaluru,920.0,IMD_OBSERVATIONAL_NETWORK
2026-07-16T00:00:00Z,22.5726,88.3639,32.1,17.5,17.3,215.6,CCU,Kolkata (Alipore),9.0,IMD_OBSERVATIONAL_NETWORK
2026-07-17T00:00:00Z,22.5726,88.3639,31.8,15.4,16.4,215.6,CCU,Kolkata (Alipore),9.0,IMD_OBSERVATIONAL_NETWORK
2026-07-18T00:00:00Z,22.5726,88.3639,30.4,6.5,12.5,215.6,CCU,Kolkata (Alipore),9.0,IMD_OBSERVATIONAL_NETWORK
2026-07-19T00:00:00Z,22.5726,88.3639,29.7,2.1,10.5,215.6,CCU,Kolkata (Alipore),9.0,IMD_OBSERVATIONAL_NETWORK
2026-07-20T00:00:00Z,22.5726,88.3639,30.6,7.8,13.0,215.6,CCU,Kolkata (Alipore),9.0,IMD_OBSERVATIONAL_NETWORK
2026-07-21T00:00:00Z,22.5726,88.3639,31.9,16.4,16.8,215.6,CCU,Kolkata (Alipore),9.0,IMD_OBSERVATIONAL_NETWORK
2026-07-22T00:00:00Z,22.5726,88.3639,32.0,16.9,17.0,215.6,CCU,Kolkata (Alipore),9.0,IMD_OBSERVATIONAL_NETWORK
2026-07-16T00:00:00Z,13.0827,80.2707,36.3,17.5,17.3,233.8,MAA,Chennai (Meenambakkam),16.0,IMD_OBSERVATIONAL_NETWORK
2026-07-17T00:00:00Z,13.0827,80.2707,36.0,15.4,16.4,233.8,MAA,Chennai (Meenambakkam),16.0,IMD_OBSERVATIONAL_NETWORK
2026-07-18T00:00:00Z,13.0827,80.2707,34.7,6.5,12.5,233.8,MAA,Chennai (Meenambakkam),16.0,IMD_OBSERVATIONAL_NETWORK
2026-07-19T00:00:00Z,13.0827,80.2707,34.0,2.0,10.5,233.8,MAA,Chennai (Meenambakkam),16.0,IMD_OBSERVATIONAL_NETWORK
2026-07-20T00:00:00Z,13.0827,80.2707,34.9,7.8,13.0,233.8,MAA,Chennai (Meenambakkam),16.0,IMD_OBSERVATIONAL_NETWORK
2026-07-21T00:00:00Z,13.0827,80.2707,36.2,16.3,16.8,233.8,MAA,Chennai (Meenambakkam),16.0,IMD_OBSERVATIONAL_NETWORK
2026-07-22T00:00:00Z,13.0827,80.2707,36.2,16.8,17.0,233.8,MAA,Chennai (Meenambakkam),16.0,IMD_OBSERVATIONAL_NETWORK
2026-07-16T00:00:00Z,34.0837,74.7973,28.4,17.3,17.3,215.4,SXR,Srinagar,1585.0,IMD_OBSERVATIONAL_NETWORK
2026-07-17T00:00:00Z,34.0837,74.7973,28.1,15.3,16.4,215.4,SXR,Srinagar,1585.0,IMD_OBSERVATIONAL_NETWORK
2026-07-18T00:00:00Z,34.0837,74.7973,26.8,6.3,12.5,215.4,SXR,Srinagar,1585.0,IMD_OBSERVATIONAL_NETWORK
2026-07-19T00:00:00Z,34.0837,74.7973,26.1,1.9,10.5,215.4,SXR,Srinagar,1585.0,IMD_OBSERVATIONAL_NETWORK
2026-07-20T00:00:00Z,34.0837,74.7973,26.9,7.6,13.0,215.4,SXR,Srinagar,1585.0,IMD_OBSERVATIONAL_NETWORK
2026-07-21T00:00:00Z,34.0837,74.7973,28.2,16.2,16.8,215.4,SXR,Srinagar,1585.0,IMD_OBSERVATIONAL_NETWORK
2026-07-22T00:00:00Z,34.0837,74.7973,28.3,16.7,17.0,215.4,SXR,Srinagar,1585.0,IMD_OBSERVATIONAL_NETWORK
2026-07-16T00:00:00Z,26.2389,73.0243,39.8,10.9,18.2,237.9,JDH,Jodhpur,231.0,IMD_OBSERVATIONAL_NETWORK
2026-07-17T00:00:00Z,26.2389,73.0243,39.5,8.8,17.3,237.9,JDH,Jodhpur,231.0,IMD_OBSERVATIONAL_NETWORK
2026-07-18T00:00:00Z,26.2389,73.0243,38.2,0.0,13.4,237.9,JDH,Jodhpur,231.0,IMD_OBSERVATIONAL_NETWORK
2026-07-19T00:00:00Z,26.2389,73.0243,37.5,0.0,11.5,237.9,JDH,Jodhpur,231.0,IMD_OBSERVATIONAL_NETWORK
2026-07-20T00:00:00Z,26.2389,73.0243,38.4,1.2,14.0,237.9,JDH,Jodhpur,231.0,IMD_OBSERVATIONAL_NETWORK
2026-07-21T00:00:00Z,26.2389,73.0243,39.7,9.8,17.7,237.9,JDH,Jodhpur,231.0,IMD_OBSERVATIONAL_NETWORK
2026-07-22T00:00:00Z,26.2389,73.0243,39.7,10.3,18.0,237.9,JDH,Jodhpur,231.0,IMD_OBSERVATIONAL_NETWORK
2026-07-16T00:00:00Z,25.5788,91.8933,30.7,79.3,17.3,233.3,SHL,Shillong / Cherrapunji,1496.0,IMD_OBSERVATIONAL_NETWORK
2026-07-17T00:00:00Z,25.5788,91.8933,30.4,77.2,16.4,233.3,SHL,Shillong / Cherrapunji,1496.0,IMD_OBSERVATIONAL_NETWORK
2026-07-18T00:00:00Z,25.5788,91.8933,29.1,68.3,12.5,233.3,SHL,Shillong / Cherrapunji,1496.0,IMD_OBSERVATIONAL_NETWORK
2026-07-19T00:00:00Z,25.5788,91.8933,28.4,63.9,10.5,233.3,SHL,Shillong / Cherrapunji,1496.0,IMD_OBSERVATIONAL_NETWORK
2026-07-20T00:00:00Z,25.5788,91.8933,29.3,69.6,13.0,233.3,SHL,Shillong / Cherrapunji,1496.0,IMD_OBSERVATIONAL_NETWORK
2026-07-21T00:00:00Z,25.5788,91.8933,30.5,78.2,16.8,233.3,SHL,Shillong / Cherrapunji,1496.0,IMD_OBSERVATIONAL_NETWORK
2026-07-22T00:00:00Z,25.5788,91.8933,30.6,78.7,17.0,233.3,SHL,Shillong / Cherrapunji,1496.0,IMD_OBSERVATIONAL_NETWORK
2026-07-16T00:00:00Z,21.1458,79.0882,32.9,17.4,17.3,216.3,NAG,Nagpur,310.0,IMD_OBSERVATIONAL_NETWORK
2026-07-17T00:00:00Z,21.1458,79.0882,32.6,15.4,16.4,216.3,NAG,Nagpur,310.0,IMD_OBSERVATIONAL_NETWORK
2026-07-18T00:00:00Z,21.1458,79.0882,31.3,6.5,12.5,216.3,NAG,Nagpur,310.0,IMD_OBSERVATIONAL_NETWORK
2026-07-19T00:00:00Z,21.1458,79.0882,30.6,2.0,10.5,216.3,NAG,Nagpur,310.0,IMD_OBSERVATIONAL_NETWORK
2026-07-20T00:00:00Z,21.1458,79.0882,31.5,7.8,13.0,216.3,NAG,Nagpur,310.0,IMD_OBSERVATIONAL_NETWORK
2026-07-21T00:00:00Z,21.1458,79.0882,32.8,16.3,16.8,216.3,NAG,Nagpur,310.0,IMD_OBSERVATIONAL_NETWORK
2026-07-22T00:00:00Z,21.1458,79.0882,32.8,16.8,17.0,216.3,NAG,Nagpur,310.0,IMD_OBSERVATIONAL_NETWORK
2026-07-16T00:00:00Z,9.9312,76.2673,37.7,17.9,18.7,215.5,COK,Kochi,5.0,IMD_OBSERVATIONAL_NETWORK
2026-07-17T00:00:00Z,9.9312,76.2673,37.4,15.8,17.8,215.5,COK,Kochi,5.0,IMD_OBSERVATIONAL_NETWORK
2026-07-18T00:00:00Z,9.9312,76.2673,36.1,6.9,13.9,215.5,COK,Kochi,5.0,IMD_OBSERVATIONAL_NETWORK
2026-07-19T00:00:00Z,9.9312,76.2673,35.4,2.4,11.9,215.5,COK,Kochi,5.0,IMD_OBSERVATIONAL_NETWORK
2026-07-20T00:00:00Z,9.9312,76.2673,36.3,8.2,14.4,215.5,COK,Kochi,5.0,IMD_OBSERVATIONAL_NETWORK
2026-07-21T00:00:00Z,9.9312,76.2673,37.6,16.8,18.2,215.5,COK,Kochi,5.0,IMD_OBSERVATIONAL_NETWORK
2026-07-22T00:00:00Z,9.9312,76.2673,37.7,17.2,18.4,215.5,COK,Kochi,5.0,IMD_OBSERVATIONAL_NETWORK
2026-07-16T00:00:00Z,28.6139,77.209,34.2,1.2,14.5,,DEL_TEST,New Delhi Test Station,216.0,IMD_AWS_AUTOMATIC
2026-07-17T00:00:00Z,19.076,72.8777,29.8,-2.5,22.0,240.0,BOM_TEST,Mumbai Marine Station,14.0,IMD_RADAR_RETRIEVAL
2026-07-16T00:15:00Z,12.9716,77.5946,25.4,18.2,16.0,260.0,BLR_OFFSET,Bengaluru HAL Airport,920.0,AIRPORT_MET_OFFICE
